set SCHEMA FN72065;
INSERT INTO FN72065.АВТОГАРА (МЕСТОПОЛОЖЕНИЕ, АДРЕС) VALUES ('Бургас', 'Стефан Стамболов 5 ');
INSERT INTO FN72065.АВТОГАРА (МЕСТОПОЛОЖЕНИЕ, АДРЕС) VALUES ('Велико Търново', 'Чавдарче 10');
INSERT INTO FN72065.АВТОГАРА (МЕСТОПОЛОЖЕНИЕ, АДРЕС) VALUES ('Габрово', 'Славейков 3');
INSERT INTO FN72065.АВТОГАРА (МЕСТОПОЛОЖЕНИЕ, АДРЕС) VALUES ('Добрич', 'Баба Тонка 12 ');
INSERT INTO FN72065.АВТОГАРА (МЕСТОПОЛОЖЕНИЕ, АДРЕС) VALUES ('Омуртаг', 'Марица 54 ');
INSERT INTO FN72065.АВТОГАРА (МЕСТОПОЛОЖЕНИЕ, АДРЕС) VALUES ('Плевен', 'Мара Денчева 6');
INSERT INTO FN72065.АВТОГАРА (МЕСТОПОЛОЖЕНИЕ, АДРЕС) VALUES ('Пловдив', 'Иван Вазов 20 ');
INSERT INTO FN72065.АВТОГАРА (МЕСТОПОЛОЖЕНИЕ, АДРЕС) VALUES ('Русе', 'Висока 15');
INSERT INTO FN72065.АВТОГАРА (МЕСТОПОЛОЖЕНИЕ, АДРЕС) VALUES ('Силистра', 'Асен Златаров 4 ');
INSERT INTO FN72065.АВТОГАРА (МЕСТОПОЛОЖЕНИЕ, АДРЕС) VALUES ('Шумен', 'Плиска 9');
INSERT INTO FN72065.АВТОГАРА (МЕСТОПОЛОЖЕНИЕ, АДРЕС) VALUES ('София', 'Плиска 25');


INSERT INTO FN72065.КАСИЕРИ (СЛУЖЕБЕН№, ТЕЛЕФОН, ИМЕ) VALUES ('001', '0877564215', 'Иван Аврамов');
INSERT INTO FN72065.КАСИЕРИ (СЛУЖЕБЕН№, ТЕЛЕФОН, ИМЕ) VALUES ('002', '0856156561', 'Константин Стоянов');
INSERT INTO FN72065.КАСИЕРИ (СЛУЖЕБЕН№, ТЕЛЕФОН, ИМЕ) VALUES ('003', '0862651655', 'Мария Здравкова');
INSERT INTO FN72065.КАСИЕРИ (СЛУЖЕБЕН№, ТЕЛЕФОН, ИМЕ) VALUES ('004', '0856198849', 'Виолета Овчарова');
INSERT INTO FN72065.КАСИЕРИ (СЛУЖЕБЕН№, ТЕЛЕФОН, ИМЕ) VALUES ('005', '0895584884', 'Петър Стоянов');
INSERT INTO FN72065.КАСИЕРИ (СЛУЖЕБЕН№, ТЕЛЕФОН, ИМЕ) VALUES ('006', '0842262622', 'Александър Семов');
INSERT INTO FN72065.КАСИЕРИ (СЛУЖЕБЕН№, ТЕЛЕФОН, ИМЕ) VALUES ('007', '0814215851', 'Петрунка Димова');
INSERT INTO FN72065.КАСИЕРИ (СЛУЖЕБЕН№, ТЕЛЕФОН, ИМЕ) VALUES ('008', '0825415541', 'Чавдар Петров');
INSERT INTO FN72065.КАСИЕРИ (СЛУЖЕБЕН№, ТЕЛЕФОН, ИМЕ) VALUES ('009', '0842142564', 'Теодор Данов');
INSERT INTO FN72065.КАСИЕРИ (СЛУЖЕБЕН№, ТЕЛЕФОН, ИМЕ) VALUES ('010 ', '0856165165', 'Калина Соянова');
INSERT INTO FN72065.КАСИЕРИ (СЛУЖЕБЕН№, ТЕЛЕФОН, ИМЕ) VALUES ('011 ', '0856161234', 'Георги Георгиев');
INSERT INTO FN72065.КАСИЕРИ (СЛУЖЕБЕН№, ТЕЛЕФОН, ИМЕ) VALUES ('012 ', '0896132651', 'Даниела Петкова');
INSERT INTO FN72065.КАСИЕРИ (СЛУЖЕБЕН№, ТЕЛЕФОН, ИМЕ) VALUES ('013 ', '0833252214', 'Калина Йончева');

-------------------------------------------------
INSERT INTO FN72065.КАСИ (СЛУЖЕБЕН№_НА_КАСИЕР, МЕСТОПОЛОЖЕНИЕ_НА_АВТОГАРА, НОМЕР_НА_КАСА) VALUES ('001', 'Русе', 7);
INSERT INTO FN72065.КАСИ (СЛУЖЕБЕН№_НА_КАСИЕР, МЕСТОПОЛОЖЕНИЕ_НА_АВТОГАРА, НОМЕР_НА_КАСА) VALUES ('002', 'Габрово', 3);
INSERT INTO FN72065.КАСИ (СЛУЖЕБЕН№_НА_КАСИЕР, МЕСТОПОЛОЖЕНИЕ_НА_АВТОГАРА, НОМЕР_НА_КАСА) VALUES ('003', 'Шумен', 10);
INSERT INTO FN72065.КАСИ (СЛУЖЕБЕН№_НА_КАСИЕР, МЕСТОПОЛОЖЕНИЕ_НА_АВТОГАРА, НОМЕР_НА_КАСА) VALUES ('005', 'Бургас', 1);
INSERT INTO FN72065.КАСИ (СЛУЖЕБЕН№_НА_КАСИЕР, МЕСТОПОЛОЖЕНИЕ_НА_АВТОГАРА, НОМЕР_НА_КАСА) VALUES ('006', 'Омуртаг', 6);
INSERT INTO FN72065.КАСИ (СЛУЖЕБЕН№_НА_КАСИЕР, МЕСТОПОЛОЖЕНИЕ_НА_АВТОГАРА, НОМЕР_НА_КАСА) VALUES ('007', 'Добрич', 5);
INSERT INTO FN72065.КАСИ (СЛУЖЕБЕН№_НА_КАСИЕР, МЕСТОПОЛОЖЕНИЕ_НА_АВТОГАРА, НОМЕР_НА_КАСА) VALUES ('008', 'Велико Търново', 2);
INSERT INTO FN72065.КАСИ (СЛУЖЕБЕН№_НА_КАСИЕР, МЕСТОПОЛОЖЕНИЕ_НА_АВТОГАРА, НОМЕР_НА_КАСА) VALUES ('008', 'Добрич', 4);
INSERT INTO FN72065.КАСИ (СЛУЖЕБЕН№_НА_КАСИЕР, МЕСТОПОЛОЖЕНИЕ_НА_АВТОГАРА, НОМЕР_НА_КАСА) VALUES ('009', 'Силистра', 8);
INSERT INTO FN72065.КАСИ (СЛУЖЕБЕН№_НА_КАСИЕР, МЕСТОПОЛОЖЕНИЕ_НА_АВТОГАРА, НОМЕР_НА_КАСА) VALUES ('010', 'Силистра', 9);
INSERT INTO FN72065.КАСИ (СЛУЖЕБЕН№_НА_КАСИЕР, МЕСТОПОЛОЖЕНИЕ_НА_АВТОГАРА, НОМЕР_НА_КАСА) VALUES ('011', 'София', 11);
INSERT INTO FN72065.КАСИ (СЛУЖЕБЕН№_НА_КАСИЕР, МЕСТОПОЛОЖЕНИЕ_НА_АВТОГАРА, НОМЕР_НА_КАСА) VALUES ('012', 'София', 12);
INSERT INTO FN72065.КАСИ (СЛУЖЕБЕН№_НА_КАСИЕР, МЕСТОПОЛОЖЕНИЕ_НА_АВТОГАРА, НОМЕР_НА_КАСА) VALUES ('013', 'Пловдив', 18);


----------------------------------------------
INSERT INTO FN72065.АВТОБУСИ (АВТОБУСЕН№, МЕСТОПОЛОЖЕНИЕ_НА_АВТОГАРА_ТРЪГВА, МЕСТОПОЛОЖЕНИЕ_НА_АВТОГАРА_ПРИСТИГА, НАЛРАВЛЕНИЕ, МЕСТА, ДАТА_ТРЪГВА, ЧАС_ТРЪГВА, ДАТА_ПРИСТИГА, ЧАС_ПРИСТИГА)
VALUES ('001', 'Бургас', 'София', 'София', 20, '2022-05-18','17:00:00', '2022-05-18', '20:00:00');

INSERT INTO FN72065.АВТОБУСИ (АВТОБУСЕН№, МЕСТОПОЛОЖЕНИЕ_НА_АВТОГАРА_ТРЪГВА, МЕСТОПОЛОЖЕНИЕ_НА_АВТОГАРА_ПРИСТИГА, НАЛРАВЛЕНИЕ, МЕСТА, ДАТА_ТРЪГВА, ЧАС_ТРЪГВА, ДАТА_ПРИСТИГА, ЧАС_ПРИСТИГА)
VALUES ('002', 'Велико Търново ', 'Русе', 'Русе', 50, '2022-05-28', '16:00:00', '2022-05-28','19:30:00');

INSERT INTO FN72065.АВТОБУСИ (АВТОБУСЕН№, МЕСТОПОЛОЖЕНИЕ_НА_АВТОГАРА_ТРЪГВА, МЕСТОПОЛОЖЕНИЕ_НА_АВТОГАРА_ПРИСТИГА, НАЛРАВЛЕНИЕ, МЕСТА, ДАТА_ТРЪГВА, ЧАС_ТРЪГВА, ДАТА_ПРИСТИГА, ЧАС_ПРИСТИГА)
VALUES ('003', 'Бургас', 'София', 'София', 50, '2022-05-29','15:00:00', '2022-05-29', '17:30:00');

INSERT INTO FN72065.АВТОБУСИ (АВТОБУСЕН№, МЕСТОПОЛОЖЕНИЕ_НА_АВТОГАРА_ТРЪГВА, МЕСТОПОЛОЖЕНИЕ_НА_АВТОГАРА_ПРИСТИГА, НАЛРАВЛЕНИЕ, МЕСТА, ДАТА_ТРЪГВА, ЧАС_ТРЪГВА, ДАТА_ПРИСТИГА, ЧАС_ПРИСТИГА)
VALUES ('004', 'Плевен', 'Велико Търново', 'Велико Търново', 55, '2022-05-31', '18:00:00', '2022-05-31', '19:30:00');

INSERT INTO FN72065.АВТОБУСИ (АВТОБУСЕН№, МЕСТОПОЛОЖЕНИЕ_НА_АВТОГАРА_ТРЪГВА, МЕСТОПОЛОЖЕНИЕ_НА_АВТОГАРА_ПРИСТИГА, НАЛРАВЛЕНИЕ, МЕСТА, ДАТА_ТРЪГВА, ЧАС_ТРЪГВА, ДАТА_ПРИСТИГА, ЧАС_ПРИСТИГА)
VALUES ('005', 'Русе', 'София', 'София', 40, '2022-05-05', '12:00:00', '2022-05-05', '15:50:00');

INSERT INTO FN72065.АВТОБУСИ (АВТОБУСЕН№, МЕСТОПОЛОЖЕНИЕ_НА_АВТОГАРА_ТРЪГВА, МЕСТОПОЛОЖЕНИЕ_НА_АВТОГАРА_ПРИСТИГА, НАЛРАВЛЕНИЕ, МЕСТА, ДАТА_ТРЪГВА, ЧАС_ТРЪГВА, ДАТА_ПРИСТИГА, ЧАС_ПРИСТИГА)
VALUES ('006', 'Силистра', 'Велико Търново', 'Велико Търново', 40, '2022-05-12','15:00:00','2022-05-12', '17:40:00');

INSERT INTO FN72065.АВТОБУСИ (АВТОБУСЕН№, МЕСТОПОЛОЖЕНИЕ_НА_АВТОГАРА_ТРЪГВА, МЕСТОПОЛОЖЕНИЕ_НА_АВТОГАРА_ПРИСТИГА, НАЛРАВЛЕНИЕ, МЕСТА, ДАТА_ТРЪГВА, ЧАС_ТРЪГВА, ДАТА_ПРИСТИГА, ЧАС_ПРИСТИГА)
VALUES ('007', 'София', 'Плевен', 'Плевен', 45, '2022-05-13', '17:30:00', '2022-05-13', '20:00:00');

INSERT INTO FN72065.АВТОБУСИ (АВТОБУСЕН№, МЕСТОПОЛОЖЕНИЕ_НА_АВТОГАРА_ТРЪГВА, МЕСТОПОЛОЖЕНИЕ_НА_АВТОГАРА_ПРИСТИГА, НАЛРАВЛЕНИЕ, МЕСТА, ДАТА_ТРЪГВА, ЧАС_ТРЪГВА, ДАТА_ПРИСТИГА, ЧАС_ПРИСТИГА)
VALUES ('008', 'Омуртаг', 'София', 'София', 50, '2022-05-14', '17:30:00', '2022-05-14', '21:30:00');

INSERT INTO FN72065.АВТОБУСИ (АВТОБУСЕН№, МЕСТОПОЛОЖЕНИЕ_НА_АВТОГАРА_ТРЪГВА, МЕСТОПОЛОЖЕНИЕ_НА_АВТОГАРА_ПРИСТИГА, НАЛРАВЛЕНИЕ, МЕСТА, ДАТА_ТРЪГВА, ЧАС_ТРЪГВА, ДАТА_ПРИСТИГА, ЧАС_ПРИСТИГА)
VALUES ('009', 'Пловдив', 'Русе', 'Русе', 30, '2022-05-15', '17:40:00', '2022-05-15','19:50:00');

INSERT INTO FN72065.АВТОБУСИ (АВТОБУСЕН№, МЕСТОПОЛОЖЕНИЕ_НА_АВТОГАРА_ТРЪГВА, МЕСТОПОЛОЖЕНИЕ_НА_АВТОГАРА_ПРИСТИГА, НАЛРАВЛЕНИЕ, МЕСТА, ДАТА_ТРЪГВА, ЧАС_ТРЪГВА, ДАТА_ПРИСТИГА, ЧАС_ПРИСТИГА)
VALUES ('010', 'София', 'Велико Търново', 'Велико Търново', 20, '2022-05-17', '14:00:00', '2022-05-17', '17:00:00');

INSERT INTO FN72065.АВТОБУСИ (АВТОБУСЕН№, МЕСТОПОЛОЖЕНИЕ_НА_АВТОГАРА_ТРЪГВА, МЕСТОПОЛОЖЕНИЕ_НА_АВТОГАРА_ПРИСТИГА, НАЛРАВЛЕНИЕ, МЕСТА, ДАТА_ТРЪГВА, ЧАС_ТРЪГВА, ДАТА_ПРИСТИГА, ЧАС_ПРИСТИГА)
VALUES ('011', 'Пловдив', 'София', 'София', 50, '2022-05-30','10:00:00', '2022-05-30', '13:00:00');

INSERT INTO FN72065.АВТОБУСИ (АВТОБУСЕН№, МЕСТОПОЛОЖЕНИЕ_НА_АВТОГАРА_ТРЪГВА, МЕСТОПОЛОЖЕНИЕ_НА_АВТОГАРА_ПРИСТИГА, НАЛРАВЛЕНИЕ, МЕСТА, ДАТА_ТРЪГВА, ЧАС_ТРЪГВА, ДАТА_ПРИСТИГА, ЧАС_ПРИСТИГА)
VALUES ('012', 'Бургас', 'Русе', 'Русе', 20, '2022-05-18','17:00:00', '2022-05-18', '19:30:00');

INSERT INTO FN72065.АВТОБУСИ (АВТОБУСЕН№, МЕСТОПОЛОЖЕНИЕ_НА_АВТОГАРА_ТРЪГВА, МЕСТОПОЛОЖЕНИЕ_НА_АВТОГАРА_ПРИСТИГА, НАЛРАВЛЕНИЕ, МЕСТА, ДАТА_ТРЪГВА, ЧАС_ТРЪГВА, ДАТА_ПРИСТИГА, ЧАС_ПРИСТИГА)
VALUES ('013', 'София', 'Омуртаг', 'Омуртаг', 30, '2022-05-20','17:00:00', '2022-05-20', '19:30:00');
--------------------------------------------------------------

INSERT INTO FN72065.ШОФЬОРИ (СЛУЖЕБЕН№, ТЕЛЕФОН, ИМЕ)
VALUES ('001', '0854569875', 'Мартин Иванов');

INSERT INTO FN72065.ШОФЬОРИ (СЛУЖЕБЕН№, ТЕЛЕФОН, ИМЕ)
VALUES ('002', '0843645342', 'Стоян Сергиев');

INSERT INTO FN72065.ШОФЬОРИ (СЛУЖЕБЕН№, ТЕЛЕФОН, ИМЕ)
VALUES ('003', '0845201453', 'Калина Петкова');

INSERT INTO FN72065.ШОФЬОРИ (СЛУЖЕБЕН№, ТЕЛЕФОН, ИМЕ)
VALUES ('004', '0845375245', 'Тодор Михайлов');

INSERT INTO FN72065.ШОФЬОРИ (СЛУЖЕБЕН№, ТЕЛЕФОН, ИМЕ)
VALUES ('005', '0875324753', 'Анастасия Патова');

INSERT INTO FN72065.ШОФЬОРИ (СЛУЖЕБЕН№, ТЕЛЕФОН, ИМЕ)
VALUES ('006', '0875342754', 'Мария Стамболова');

INSERT INTO FN72065.ШОФЬОРИ (СЛУЖЕБЕН№, ТЕЛЕФОН, ИМЕ)
VALUES ('007', '0853234375', 'Огнян Здравков');

INSERT INTO FN72065.ШОФЬОРИ (СЛУЖЕБЕН№, ТЕЛЕФОН, ИМЕ)
VALUES ('008', '0845375275', 'Александър Фотото');

INSERT INTO FN72065.ШОФЬОРИ (СЛУЖЕБЕН№, ТЕЛЕФОН, ИМЕ)
VALUES ('009', '0847511538', 'Симеон Царски ');

INSERT INTO FN72065.ШОФЬОРИ (СЛУЖЕБЕН№, ТЕЛЕФОН, ИМЕ)
VALUES ('010', '0875274125', 'Иван Коларов');

-----------------------------------------------------

INSERT INTO FN72065.УПРАВЛЯВА (СЛУЖЕБЕН№_НА_ШОФЬОРА, АВТОБУСА_КОЙТО_УПРАВЛЯВА)
VALUES ('001', '001');

INSERT INTO FN72065.УПРАВЛЯВА (СЛУЖЕБЕН№_НА_ШОФЬОРА, АВТОБУСА_КОЙТО_УПРАВЛЯВА)
VALUES ('002', '002');

INSERT INTO FN72065.УПРАВЛЯВА (СЛУЖЕБЕН№_НА_ШОФЬОРА, АВТОБУСА_КОЙТО_УПРАВЛЯВА)
VALUES ('003', '003');

INSERT INTO FN72065.УПРАВЛЯВА (СЛУЖЕБЕН№_НА_ШОФЬОРА, АВТОБУСА_КОЙТО_УПРАВЛЯВА)
VALUES ('004', '004');

INSERT INTO FN72065.УПРАВЛЯВА (СЛУЖЕБЕН№_НА_ШОФЬОРА, АВТОБУСА_КОЙТО_УПРАВЛЯВА)
VALUES ('004', '005');

INSERT INTO FN72065.УПРАВЛЯВА (СЛУЖЕБЕН№_НА_ШОФЬОРА, АВТОБУСА_КОЙТО_УПРАВЛЯВА)
VALUES ('005', '006');

INSERT INTO FN72065.УПРАВЛЯВА (СЛУЖЕБЕН№_НА_ШОФЬОРА, АВТОБУСА_КОЙТО_УПРАВЛЯВА)
VALUES ('006', '007');

INSERT INTO FN72065.УПРАВЛЯВА (СЛУЖЕБЕН№_НА_ШОФЬОРА, АВТОБУСА_КОЙТО_УПРАВЛЯВА)
VALUES ('007', '008');

INSERT INTO FN72065.УПРАВЛЯВА (СЛУЖЕБЕН№_НА_ШОФЬОРА, АВТОБУСА_КОЙТО_УПРАВЛЯВА)
VALUES ('007', '009');

INSERT INTO FN72065.УПРАВЛЯВА (СЛУЖЕБЕН№_НА_ШОФЬОРА, АВТОБУСА_КОЙТО_УПРАВЛЯВА)
VALUES ('008', '010');

INSERT INTO FN72065.УПРАВЛЯВА (СЛУЖЕБЕН№_НА_ШОФЬОРА, АВТОБУСА_КОЙТО_УПРАВЛЯВА)
VALUES ('009', '011');

INSERT INTO FN72065.УПРАВЛЯВА (СЛУЖЕБЕН№_НА_ШОФЬОРА, АВТОБУСА_КОЙТО_УПРАВЛЯВА)
VALUES ('010', '012');
-------------------------------------------
INSERT INTO FN72065.ПЪТНИЦИ (ИМЕ) VALUES ('Александър');
INSERT INTO FN72065.ПЪТНИЦИ (ИМЕ) VALUES ('Атанас');
INSERT INTO FN72065.ПЪТНИЦИ (ИМЕ) VALUES ('Дани');
INSERT INTO FN72065.ПЪТНИЦИ (ИМЕ) VALUES ('Дида');
INSERT INTO FN72065.ПЪТНИЦИ (ИМЕ) VALUES ('Ивайло');
INSERT INTO FN72065.ПЪТНИЦИ (ИМЕ) VALUES ('Константин');
INSERT INTO FN72065.ПЪТНИЦИ (ИМЕ) VALUES ('Мая');
INSERT INTO FN72065.ПЪТНИЦИ (ИМЕ) VALUES ('Петър');
INSERT INTO FN72065.ПЪТНИЦИ (ИМЕ) VALUES ('Стоянка');
INSERT INTO FN72065.ПЪТНИЦИ (ИМЕ) VALUES ('Тихомир');
---------------------------------------------------------

INSERT INTO FN72065.БИЛЕТИ (БИЛЕТ_ЗА_АВТОБУС, СЛУЖЕБЕН№_НА_КАСИЕР, ИМЕ_НА_ПЪТНИК, МЯСТО, НАПРАВЛЕНИЕ, ДАТА_ТРЪГВА, ЧАС_ТРЪГВА, ВИД)
VALUES ('001', '001', 'Александър', 5, 'София', '2022-05-18', '17:00:00', 'A');

INSERT INTO FN72065.БИЛЕТИ (БИЛЕТ_ЗА_АВТОБУС, СЛУЖЕБЕН№_НА_КАСИЕР, ИМЕ_НА_ПЪТНИК, МЯСТО, НАПРАВЛЕНИЕ, ДАТА_ТРЪГВА, ЧАС_ТРЪГВА, ВИД)
VALUES ('001', '002', 'Атанас', 7, 'Русе', '2022-05-15', '17:40:00', 'Y');

INSERT INTO FN72065.БИЛЕТИ (БИЛЕТ_ЗА_АВТОБУС, СЛУЖЕБЕН№_НА_КАСИЕР, ИМЕ_НА_ПЪТНИК, МЯСТО, НАПРАВЛЕНИЕ, ДАТА_ТРЪГВА, ЧАС_ТРЪГВА, ВИД)
VALUES ('001', '003', 'Дани', 45, 'София', '2022-05-14', '17:30:00', 'A');

INSERT INTO FN72065.БИЛЕТИ (БИЛЕТ_ЗА_АВТОБУС, СЛУЖЕБЕН№_НА_КАСИЕР, ИМЕ_НА_ПЪТНИК, МЯСТО, НАПРАВЛЕНИЕ, ДАТА_ТРЪГВА, ЧАС_ТРЪГВА, ВИД)
VALUES ('005', '004', 'Дида', 3, 'Русе', '2022-05-18', '17:00:00', 'Y');

INSERT INTO FN72065.БИЛЕТИ (БИЛЕТ_ЗА_АВТОБУС, СЛУЖЕБЕН№_НА_КАСИЕР, ИМЕ_НА_ПЪТНИК, МЯСТО, НАПРАВЛЕНИЕ, ДАТА_ТРЪГВА, ЧАС_ТРЪГВА, ВИД)
VALUES ('005', '005', 'Ивайло', 7, 'София', '2022-05-14', '17:30:00', 'Y');

INSERT INTO FN72065.БИЛЕТИ (БИЛЕТ_ЗА_АВТОБУС, СЛУЖЕБЕН№_НА_КАСИЕР, ИМЕ_НА_ПЪТНИК, МЯСТО, НАПРАВЛЕНИЕ, ДАТА_ТРЪГВА, ЧАС_ТРЪГВА, ВИД)
VALUES ('004', '006', 'Константин', 32, 'Омуртаг', '2022-05-20', '17:00:00', 'A');

INSERT INTO FN72065.БИЛЕТИ (БИЛЕТ_ЗА_АВТОБУС, СЛУЖЕБЕН№_НА_КАСИЕР, ИМЕ_НА_ПЪТНИК, МЯСТО, НАПРАВЛЕНИЕ, ДАТА_ТРЪГВА, ЧАС_ТРЪГВА, ВИД)
VALUES ('003', '007', 'Мая', 14, 'Плевен', '2022-05-13', '17:30:00', 'A');

INSERT INTO FN72065.БИЛЕТИ (БИЛЕТ_ЗА_АВТОБУС, СЛУЖЕБЕН№_НА_КАСИЕР, ИМЕ_НА_ПЪТНИК, МЯСТО, НАПРАВЛЕНИЕ, ДАТА_ТРЪГВА, ЧАС_ТРЪГВА, ВИД)
VALUES ('007', '008', 'Петър', 12, 'София', '2022-05-29', '15:00:00', 'Y');

INSERT INTO FN72065.БИЛЕТИ (БИЛЕТ_ЗА_АВТОБУС, СЛУЖЕБЕН№_НА_КАСИЕР, ИМЕ_НА_ПЪТНИК, МЯСТО, НАПРАВЛЕНИЕ, ДАТА_ТРЪГВА, ЧАС_ТРЪГВА, ВИД)
VALUES ('008', '009', 'Стоянка', 16, 'София', '2022-05-29', '15:00:00', 'A');

INSERT INTO FN72065.БИЛЕТИ (БИЛЕТ_ЗА_АВТОБУС, СЛУЖЕБЕН№_НА_КАСИЕР, ИМЕ_НА_ПЪТНИК, МЯСТО, НАПРАВЛЕНИЕ, ДАТА_ТРЪГВА, ЧАС_ТРЪГВА, ВИД)
VALUES ('010', '010', 'Тихомир', 20, 'Плевен', '2022-05-13', '17:30:00', 'A');
--------------------------------------------------------------------

INSERT INTO FN72065.РАЗПИСАНИЕ (МЕСТОПОЛОЖЕНИЕ_НА_АВТОГАРА, ДАТА, СПИСЪК_ЗАМИНАВАЩИ, СПИСЪК_ПРИСТИГАЩИ)
VALUES ('Габрово', '2022-05-11', 'има', 'няма');

INSERT INTO FN72065.РАЗПИСАНИЕ (МЕСТОПОЛОЖЕНИЕ_НА_АВТОГАРА, ДАТА, СПИСЪК_ЗАМИНАВАЩИ, СПИСЪК_ПРИСТИГАЩИ)
VALUES ('Велико Търново', '2022-05-20', 'няма', 'има');

INSERT INTO FN72065.РАЗПИСАНИЕ (МЕСТОПОЛОЖЕНИЕ_НА_АВТОГАРА, ДАТА, СПИСЪК_ЗАМИНАВАЩИ, СПИСЪК_ПРИСТИГАЩИ)
VALUES ('Плевен', '2022-05-27', 'няма', 'има');

INSERT INTO FN72065.РАЗПИСАНИЕ (МЕСТОПОЛОЖЕНИЕ_НА_АВТОГАРА, ДАТА, СПИСЪК_ЗАМИНАВАЩИ, СПИСЪК_ПРИСТИГАЩИ)
VALUES ('Пловдив', '2022-05-24', 'има', 'няма');

INSERT INTO FN72065.РАЗПИСАНИЕ (МЕСТОПОЛОЖЕНИЕ_НА_АВТОГАРА, ДАТА, СПИСЪК_ЗАМИНАВАЩИ, СПИСЪК_ПРИСТИГАЩИ)
VALUES ('София', '2022-05-09', 'няма', 'няма');

INSERT INTO FN72065.РАЗПИСАНИЕ (МЕСТОПОЛОЖЕНИЕ_НА_АВТОГАРА, ДАТА, СПИСЪК_ЗАМИНАВАЩИ, СПИСЪК_ПРИСТИГАЩИ)
VALUES ('Шумен', '2022-05-26', 'няма', 'има');

INSERT INTO FN72065.РАЗПИСАНИЕ (МЕСТОПОЛОЖЕНИЕ_НА_АВТОГАРА, ДАТА, СПИСЪК_ЗАМИНАВАЩИ, СПИСЪК_ПРИСТИГАЩИ)
VALUES ('Силистра', '2022-05-08', 'има', 'няма');
--------------------------------------------------------------------
CREATE VIEW КАСИЕРИ_БЕЗ_НОМЕРА
AS
SELECT СЛУЖЕБЕН№, ИМЕ
FROM КАСИЕРИ;

CREATE VIEW ГОЛЕМИ_АВТОБУСИ
AS
SELECT *
FROM АВТОБУСИ
WHERE МЕСТА > 30;

SELECT МЕСТОПОЛОЖЕНИЕ, АДРЕС FROM FN72065.АВТОГАРА
